<?xml version="1.0" encoding="UTF-8"?>
<Configuration status="WARN">
    <Appenders>
<!--        <Console name="Console" target="SYSTEM_OUT">-->
<!--            <PatternLayout pattern="%d{yyyy-MM-dd HH:mm:ss} %-5p %c{1}:%L - %m%n"/>-->
<!--        </Console>-->
        <RollingFile name="File" fileName="logs/JavaExp2.log" filePattern="logs/app-%d{yyyy-MM-dd}.log">
            <PatternLayout>
                <pattern>%d{yyyy-MM-dd HH:mm:ss} %-5p %c{1}:%L - %m%n</pattern>
            </PatternLayout>
            <Policies>
                <TimeBasedTriggeringPolicy interval="1" modulate="true"/>
            </Policies>
            <DefaultRolloverStrategy max="30"/>
        </RollingFile>
    </Appenders>
    <Loggers>
        <Root level="debug">
<!--            <AppenderRef ref="Console"/>-->
            <appender-ref ref="File" />
        </Root>
    </Loggers>
</Configuration>